{"checksum": "7deb942486b77699646f4dddff8131a578382e453ab8675a1c186fec2b2a466f", "last_applied_global_version": 193, "last_global_version_seen": 193, "learner_id": "learner-1", "learner_state_version": 1, "local_step": 200, "parameter_vector": [-0.30011823467591, -0.5719132426085012, -0.7774704071589745, -0.7877573058199657, 0.7061021626753126, 0.5955940763147463, -0.7635043688413378, 0.7733349300461703], "run_id": "lambda-l5-20260628124639", "schema_version": "v1", "throughput_tokens_per_step": 110, "tokens_processed": 22000, "tokens_since_last_sync": 0, "trainer_payload": {"trainer_state": "{\"checksum\":\"04a3ecbf97a74b47d89c0a4e1c07ca9b2d67529a8278fcf888da774017f3c2d4\",\"codec_version\":\"v1\",\"dtype\":\"float64\",\"flat_state_checksum\":\"e83b1f366a5d94f95458196976ca3219021873a31f9f5976c713bd09775b1bfb\",\"global_version\":193,\"learner_id\":\"learner-1\",\"local_step\":200,\"metadata\":{\"last_loss\":0.4467034462258435,\"learning_rate\":0.05,\"optimizer\":\"adamw\",\"optimizer_state\":{\"m\":[0.0007878642253353235,0.013411798481354915,0.6693365200106266,0.7987515029671439,-0.21275859699314922,-0.02582775947615975,0.5310471903423511,-0.6244578260393732],\"step\":200,\"v\":[0.0014930846206729948,0.014194735668158888,0.20926785494861708,0.26498549222652584,0.06039238558560222,0.017555514006900308,0.15639594121850378,0.1913562592121069]},\"real_training_mechanics_exercised\":true,\"target_vector\":[-0.30062408152817965,-0.5784641458233248,-1.110566696318685,-1.1854759733023885,0.8114893093068102,0.6082450084382225,-1.027571578781274,1.0840261136541511],\"throughput_tokens_per_step\":110},\"named_state_checksum\":\"968fdb846957a3cce35cedbdcceab25c31cb4c01ec6b98c2d1035ce34b021764\",\"parameters\":[-0.30011823467591,-0.5719132426085012,-0.7774704071589745,-0.7877573058199657,0.7061021626753126,0.5955940763147463,-0.7635043688413378,0.7733349300461703],\"run_id\":\"lambda-l5-20260628124639\",\"shape\":[8],\"tensor_manifest\":{\"checksum\":\"1b3cc97cd5b4b809803d1e796a55e35dc27dc3123189846cd59b5f10796d8e17\",\"global_version\":193,\"schema_version\":\"v1\",\"tensors\":[{\"checksum\":\"fdf22dd06037b78c1b51ebdf0f24e22d2e754564c7e7e9a9e68605af0fd6ccba\",\"device\":\"cpu\",\"dtype\":\"float64\",\"length\":8,\"name\":\"weights\",\"offset\":0,\"shape\":[8]}],\"total_elements\":8},\"tokens_processed\":22000,\"tokens_since_last_sync\":0,\"trainer_state_kind\":\"named_tensors\",\"trainer_type\":\"tiny_adamw\"}"}, "trainer_type": "tiny_adamw", "written_logical_time": 200}
