{
  "checkpoint_schema_version": "v1",
  "checksum": "448a94913a24e6f26fb19d9c9d0e064c2a5d1ae9f8443cab60b4abc5934d0de5",
  "committed_round_state": {
    "global_version": 1,
    "last_commit_payload": {
      "accepted_learner_ids": [
        "learner-0",
        "learner-1"
      ],
      "new_global_vector": [
        -0.04749999920997681,
        -0.04749999958943005,
        -0.04749999978614522,
        -0.047499999799658535,
        0.04749999970732825,
        0.047499999609532356,
        -0.04749999976887255,
        0.047499999780909345
      ],
      "new_global_version": 1,
      "old_global_vector": [
        0.0,
        0.0,
        0.0,
        0.0,
        0.0,
        0.0,
        0.0,
        0.0
      ],
      "outer_lr": 0.5,
      "outer_momentum": 0.9,
      "outer_optimizer": "nesterov",
      "previous_global_version": 0,
      "round_id": "round-00000001",
      "token_weights": {
        "learner-0": 0.47619047619047616,
        "learner-1": 0.5238095238095238
      },
      "useful_tokens": 210,
      "weighted_delta": [
        -0.04999999916839664,
        -0.049999999567821106,
        -0.049999999774889704,
        -0.04999999978911424,
        0.04999999969192448,
        0.04999999958898143,
        -0.04999999975670795,
        0.04999999976937826
      ]
    }
  },
  "event_log_offset": 416,
  "fragment_store_state": {
    "checkpoint_artifact_codec": "json_safe",
    "global_vector_artifact_ref": null,
    "num_fragments": 1,
    "pending_policy": "discard_on_recovery"
  },
  "global_vector": [
    -0.04749999920997681,
    -0.04749999958943005,
    -0.04749999978614522,
    -0.047499999799658535,
    0.04749999970732825,
    0.047499999609532356,
    -0.04749999976887255,
    0.047499999780909345
  ],
  "global_version": 1,
  "idempotency_table": {
    "lambda-l4-20260628095426:learner-0:step-1:v-0": {
      "message_type": "submit_fragment_ack",
      "payload": {
        "commit": {
          "accepted_learner_ids": [
            "learner-0",
            "learner-1"
          ],
          "new_global_vector": [
            -0.04749999920997681,
            -0.04749999958943005,
            -0.04749999978614522,
            -0.047499999799658535,
            0.04749999970732825,
            0.047499999609532356,
            -0.04749999976887255,
            0.047499999780909345
          ],
          "new_global_version": 1,
          "old_global_vector": [
            0.0,
            0.0,
            0.0,
            0.0,
            0.0,
            0.0,
            0.0,
            0.0
          ],
          "outer_lr": 0.5,
          "outer_momentum": 0.9,
          "outer_optimizer": "nesterov",
          "previous_global_version": 0,
          "round_id": "round-00000001",
          "token_weights": {
            "learner-0": 0.47619047619047616,
            "learner-1": 0.5238095238095238
          },
          "useful_tokens": 210,
          "weighted_delta": [
            -0.04999999916839664,
            -0.049999999567821106,
            -0.049999999774889704,
            -0.04999999978911424,
            0.04999999969192448,
            0.04999999958898143,
            -0.04999999975670795,
            0.04999999976937826
          ]
        },
        "global_version": 1,
        "idempotency_key": "lambda-l4-20260628095426:learner-0:step-1:v-0",
        "last_commit": {
          "accepted_learner_ids": [
            "learner-0",
            "learner-1"
          ],
          "new_global_vector": [
            -0.04749999920997681,
            -0.04749999958943005,
            -0.04749999978614522,
            -0.047499999799658535,
            0.04749999970732825,
            0.047499999609532356,
            -0.04749999976887255,
            0.047499999780909345
          ],
          "new_global_version": 1,
          "old_global_vector": [
            0.0,
            0.0,
            0.0,
            0.0,
            0.0,
            0.0,
            0.0,
            0.0
          ],
          "outer_lr": 0.5,
          "outer_momentum": 0.9,
          "outer_optimizer": "nesterov",
          "previous_global_version": 0,
          "round_id": "round-00000001",
          "token_weights": {
            "learner-0": 0.47619047619047616,
            "learner-1": 0.5238095238095238
          },
          "useful_tokens": 210,
          "weighted_delta": [
            -0.04999999916839664,
            -0.049999999567821106,
            -0.049999999774889704,
            -0.04999999978911424,
            0.04999999969192448,
            0.04999999958898143,
            -0.04999999975670795,
            0.04999999976937826
          ]
        },
        "outcome": "committed"
      }
    },
    "lambda-l4-20260628095426:learner-1:step-1:v-0": {
      "message_type": "submit_fragment_ack",
      "payload": {
        "global_version": 0,
        "idempotency_key": "lambda-l4-20260628095426:learner-1:step-1:v-0",
        "last_commit": null,
        "outcome": "queued"
      }
    }
  },
  "last_event_id": "lambda-l4-20260628095426:00000415:global_update_acked",
  "learner_registry_state": {
    "learner_status": {
      "learner-0": "paused",
      "learner-1": "paused"
    },
    "learner_tokens_processed": {
      "learner-0": 20000,
      "learner-1": 22000
    },
    "learner_trainer_metrics": {
      "learner-0": {
        "inner_optimizer": "adamw",
        "inner_optimizer_semantics": "adamw",
        "optimizer_state": {
          "m": [
            0.000263576741003434,
            0.0011037287055668298,
            0.005146160220314039,
            0.006086811112931422,
            -0.002430903430771448,
            -0.0012425313305349727,
            0.004227149165675502,
            -0.004832670612618393
          ],
          "step": 200,
          "v": [
            0.001445954581775208,
            0.006721834525656124,
            0.03823383975066764,
            0.04597391541025288,
            0.016156882590781817,
            0.007627661556427478,
            0.030769674376644504,
            0.035724034757217644
          ]
        },
        "paper_scale_training_claimed": false,
        "real_model_training_claimed": false,
        "real_training_mechanics_exercised": true,
        "trainer_final_eval_loss": 2.63680402585791e-05,
        "trainer_final_loss": 2.63680402585791e-05,
        "trainer_nonfinite_detected": false,
        "trainer_num_parameters": 8,
        "trainer_state_bytes_estimate": 192,
        "training_attempted": true
      },
      "learner-1": {
        "inner_optimizer": "adamw",
        "inner_optimizer_semantics": "adamw",
        "optimizer_state": {
          "m": [
            0.0002878002811396895,
            0.0011721044274515522,
            0.005404646362332123,
            0.006352682152481132,
            -0.002580598220503986,
            -0.001333201334238678,
            0.004429255815900103,
            -0.005078595376447385
          ],
          "step": 200,
          "v": [
            0.0016392565905822267,
            0.0075298953153434415,
            0.04165399788663548,
            0.04992983652699202,
            0.017858922358291795,
            0.008529482117803558,
            0.033646200405442854,
            0.03896466593980777
          ]
        },
        "paper_scale_training_claimed": false,
        "real_model_training_claimed": false,
        "real_training_mechanics_exercised": true,
        "trainer_final_eval_loss": 2.888737509697761e-05,
        "trainer_final_loss": 2.888737509697761e-05,
        "trainer_nonfinite_detected": false,
        "trainer_num_parameters": 8,
        "trainer_state_bytes_estimate": 192,
        "training_attempted": true
      }
    },
    "registered_learners": [
      "learner-0",
      "learner-1"
    ],
    "trainer_state_kind": "named_tensors",
    "unhealthy_learners": [],
    "update_stream": {
      "acked_versions": {
        "learner-0": [
          1
        ],