{"checksum": "67926ee90a2a758eed2bdd9536829ba0437a8391a6364019b3a959fb6e2a1488", "last_applied_global_version": 59, "last_global_version_seen": 59, "learner_id": "learner-1", "learner_state_version": 1, "local_step": 60, "parameter_vector": [-0.26406132813257305, -0.33240019156701034, -0.35734535742121787, -0.3584390850901222, 0.34946506693920454, 0.33575068968059835, -0.35584362299515276, 0.3569026650552655], "run_id": "lambda-l5-20260628125653", "schema_version": "v1", "throughput_tokens_per_step": 110, "tokens_processed": 6600, "tokens_since_last_sync": 0, "trainer_payload": {"trainer_state": "{\"checksum\":\"ef20303fc59c27160e295c3bfd084b385c667f3a3cb2b32944eba921da17fcc1\",\"codec_version\":\"v1\",\"dtype\":\"float64\",\"flat_state_checksum\":\"2d707f1afa87a44361c474a89ebb4a025fd281cae0c01d6f827aea6f174e1f73\",\"global_version\":59,\"learner_id\":\"learner-1\",\"local_step\":60,\"metadata\":{\"last_loss\":2.5808632147319224,\"learning_rate\":0.05,\"optimizer\":\"adamw\",\"optimizer_state\":{\"m\":[0.07840534382285128,0.4982051582197353,1.5112631099774483,1.6586537267697752,-0.9297367096849299,-0.5510469067625697,1.3485351636713283,-1.4591510826297556],\"step\":60,\"v\":[0.0023942479009874265,0.022645650082376234,0.1556499939846132,0.18496548988099892,0.06471242512128939,0.02664031058710873,0.12622950351460002,0.1458919817705496]},\"real_training_mechanics_exercised\":true,\"target_vector\":[-0.30062408152817965,-0.5784641458233248,-1.110566696318685,-1.1854759733023885,0.8114893093068102,0.6082450084382225,-1.027571578781274,1.0840261136541511],\"throughput_tokens_per_step\":110},\"named_state_checksum\":\"ce240910ce2ca6fdff295d0a8a5d44dbd7db206961c81caac86fe14621aaff04\",\"parameters\":[-0.26406132813257305,-0.33240019156701034,-0.35734535742121787,-0.3584390850901222,0.34946506693920454,0.33575068968059835,-0.35584362299515276,0.3569026650552655],\"run_id\":\"lambda-l5-20260628125653\",\"shape\":[8],\"tensor_manifest\":{\"checksum\":\"d10a4d0a1c61cfe3ca90ea90c9d5f8364509cddeafdf5a5b3f026d77338250a4\",\"global_version\":59,\"schema_version\":\"v1\",\"tensors\":[{\"checksum\":\"f0abbbbd8d3ba510e3ea86157b15b6c4995b90a7fae14e29e23ccf1541016a87\",\"device\":\"cpu\",\"dtype\":\"float64\",\"length\":8,\"name\":\"weights\",\"offset\":0,\"shape\":[8]}],\"total_elements\":8},\"tokens_processed\":6600,\"tokens_since_last_sync\":0,\"trainer_state_kind\":\"named_tensors\",\"trainer_type\":\"tiny_adamw\"}"}, "trainer_type": "tiny_adamw", "written_logical_time": 60}
