{"checksum": "83e5aef4f3e71cb3e5173270463486a912e157110727a9ec3ad4d80d26b14a0f", "last_applied_global_version": 1, "last_global_version_seen": 1, "learner_id": "learner-1", "learner_state_version": 1, "local_step": 200, "parameter_vector": [-0.3004923503728962, -0.5779167429918269, -1.1080989303930326, -1.1825487036227147, 0.8103286786059849, 0.6076509968765336, -1.0255038008992619, 1.0816987455845135], "run_id": "lambda-l4-20260628100755", "schema_version": "v1", "throughput_tokens_per_step": 110, "tokens_processed": 22000, "tokens_since_last_sync": 0, "trainer_payload": {"trainer_state": "{\"checksum\":\"513d1121a8e293fcf4978430440c348361606194fa6a498619e97ccd69612cd9\",\"codec_version\":\"v1\",\"dtype\":\"float64\",\"flat_state_checksum\":\"01bbcf80673512c00dc78f31e19f05cc2325d65db5aa6d0f7bf44bb3caf3ff7a\",\"global_version\":1,\"learner_id\":\"learner-1\",\"local_step\":200,\"metadata\":{\"last_loss\":2.63680402585791e-05,\"learning_rate\":0.05,\"optimizer\":\"adamw\",\"optimizer_state\":{\"m\":[0.000263576741003434,0.0011037287055668298,0.005146160220314039,0.006086811112931422,-0.002430903430771448,-0.0012425313305349727,0.004227149165675502,-0.004832670612618393],\"step\":200,\"v\":[0.001445954581775208,0.006721834525656124,0.03823383975066764,0.04597391541025288,0.016156882590781817,0.007627661556427478,0.030769674376644504,0.035724034757217644]},\"real_training_mechanics_exercised\":true,\"target_vector\":[-0.30062408152817965,-0.5784641458233248,-1.110566696318685,-1.1854759733023885,0.8114893093068102,0.6082450084382225,-1.027571578781274,1.0840261136541511],\"throughput_tokens_per_step\":110},\"named_state_checksum\":\"568658ecf91931698ce1c5532cb9b51e6cf39bdf56819039a9df6c175b1debb1\",\"parameters\":[-0.3004923503728962,-0.5779167429918269,-1.1080989303930326,-1.1825487036227147,0.8103286786059849,0.6076509968765336,-1.0255038008992619,1.0816987455845135],\"run_id\":\"lambda-l4-20260628100755\",\"shape\":[8],\"tensor_manifest\":{\"checksum\":\"c91017af5e51960667ddfcbf9005c994acca606d42a5dddef0a3846e7125f208\",\"global_version\":1,\"schema_version\":\"v1\",\"tensors\":[{\"checksum\":\"432178fa10da084e2233857b4a8915d2bc390298a6782cbda9ec1730a19828f4\",\"device\":\"cpu\",\"dtype\":\"float64\",\"length\":8,\"name\":\"weights\",\"offset\":0,\"shape\":[8]}],\"total_elements\":8},\"tokens_processed\":22000,\"tokens_since_last_sync\":0,\"trainer_state_kind\":\"named_tensors\",\"trainer_type\":\"tiny_adamw\"}"}, "trainer_type": "tiny_adamw", "written_logical_time": 200}
