{"checksum": "b7538586be33928b9465687c80e5d621194ae00cd7217f320bdca21c1f131f10", "last_applied_global_version": 187, "last_global_version_seen": 187, "learner_id": "learner-1", "learner_state_version": 1, "local_step": 200, "parameter_vector": [-0.32673004135516137, -0.5744106850325448, -0.9101846335807152, -0.9282074103115282, 0.7847976093671865, 0.6066559536230179, -0.885621907891695, 0.9029206148119654], "run_id": "lambda-l4-20260628103249", "schema_version": "v1", "throughput_tokens_per_step": 110, "tokens_processed": 22000, "tokens_since_last_sync": 0, "trainer_payload": {"trainer_state": "{\"checksum\":\"6f16367b6d5d45a0d6d8ee98d48e39afc1469ade34309f69bd7b5d17c562e54f\",\"codec_version\":\"v1\",\"dtype\":\"float64\",\"flat_state_checksum\":\"fea4dad3b97a1e3834935bf939dc64ae944e9d1e4ea53fef9beaf36fd1de9733\",\"global_version\":187,\"learner_id\":\"learner-1\",\"local_step\":200,\"metadata\":{\"last_loss\":0.1607019189707857,\"learning_rate\":0.05,\"optimizer\":\"adamw\",\"optimizer_state\":{\"m\":[-0.03038927711193925,0.001128592278506728,0.43973594634067836,0.5570040169975645,-0.06963946452003703,0.0024913474334898092,0.31817776756202726,-0.39978579028852695],\"step\":200,\"v\":[0.007230435388785978,0.013337850147749554,0.21940866234517487,0.2769701875716713,0.06354205462335114,0.01700952052612224,0.16452658948741603,0.20085016355619761]},\"real_training_mechanics_exercised\":true,\"target_vector\":[-0.30062408152817965,-0.5784641458233248,-1.110566696318685,-1.1854759733023885,0.8114893093068102,0.6082450084382225,-1.027571578781274,1.0840261136541511],\"throughput_tokens_per_step\":110},\"named_state_checksum\":\"7b0e9c68e507894fd76095ba5b618494d0f352cc823ba96fc470d60237a4eee7\",\"parameters\":[-0.32673004135516137,-0.5744106850325448,-0.9101846335807152,-0.9282074103115282,0.7847976093671865,0.6066559536230179,-0.885621907891695,0.9029206148119654],\"run_id\":\"lambda-l4-20260628103249\",\"shape\":[8],\"tensor_manifest\":{\"checksum\":\"a048962d5ab6922dd4cb304249d84852392f211b1ee56275e08314d91b47ee2e\",\"global_version\":187,\"schema_version\":\"v1\",\"tensors\":[{\"checksum\":\"1c7415f7769c47b5171ce595e3aafb7aa1e2de13a016216f6c96717cd227224a\",\"device\":\"cpu\",\"dtype\":\"float64\",\"length\":8,\"name\":\"weights\",\"offset\":0,\"shape\":[8]}],\"total_elements\":8},\"tokens_processed\":22000,\"tokens_since_last_sync\":0,\"trainer_state_kind\":\"named_tensors\",\"trainer_type\":\"tiny_adamw\"}"}, "trainer_type": "tiny_adamw", "written_logical_time": 200}
