{"checksum": "239241e9eb61df7b08865bdca4cc9408e7809a04151191f69c9814a6bfdbbc80", "last_applied_global_version": 58, "last_global_version_seen": 58, "learner_id": "learner-0", "learner_state_version": 1, "local_step": 72, "parameter_vector": [-0.264008185521451, -0.3323318574330458, -0.35727147805226733, -0.3583649625888166, 0.3493929393350122, 0.3356816107410275, -0.3557700774572263, 0.3568288840954899], "run_id": "lambda-l5-20260628125653", "schema_version": "v1", "throughput_tokens_per_step": 100, "tokens_processed": 7200, "tokens_since_last_sync": 0, "trainer_payload": {"trainer_state": "{\"checksum\":\"cbebf47e473be44edf526b11eeb3c8040574732d54533185b2df0c9b8ef9ea86\",\"codec_version\":\"v1\",\"dtype\":\"float64\",\"flat_state_checksum\":\"65e371bfdba87637ad827f2b5a01b6b12a6295960417ab395d2b59c526954072\",\"global_version\":58,\"learner_id\":\"learner-0\",\"local_step\":72,\"metadata\":{\"last_loss\":2.5814450658996764,\"learning_rate\":0.05,\"optimizer\":\"adamw\",\"optimizer_state\":{\"m\":[0.07879310839409573,0.4992685897049154,1.5137063319810642,1.6612902309287374,-0.9314069161505443,-0.5521882801239845,1.3507641434468682,-1.461525806336633],\"step\":72,\"v\":[0.0031107361626878595,0.02663046971785923,0.18343184743265437,0.21811635920925515,0.07605081081397425,0.0313060098511627,0.14864900042500576,0.17189205863285925]},\"real_training_mechanics_exercised\":true,\"target_vector\":[-0.30062408152817965,-0.5784641458233248,-1.110566696318685,-1.1854759733023885,0.8114893093068102,0.6082450084382225,-1.027571578781274,1.0840261136541511],\"throughput_tokens_per_step\":100},\"named_state_checksum\":\"2c652d2981105f11b861d5ba590246c7d147f6ce795de54e7a529043fb1ebf99\",\"parameters\":[-0.264008185521451,-0.3323318574330458,-0.35727147805226733,-0.3583649625888166,0.3493929393350122,0.3356816107410275,-0.3557700774572263,0.3568288840954899],\"run_id\":\"lambda-l5-20260628125653\",\"shape\":[8],\"tensor_manifest\":{\"checksum\":\"c56468ce996dd37886e3d20db20d86883d24e7a1bfe91e5ee77da86a3924ff6e\",\"global_version\":58,\"schema_version\":\"v1\",\"tensors\":[{\"checksum\":\"07ca22d61f04a40a9b16fa8842da24c3816e310e7bc2344991aab249ec5a61dd\",\"device\":\"cpu\",\"dtype\":\"float64\",\"length\":8,\"name\":\"weights\",\"offset\":0,\"shape\":[8]}],\"total_elements\":8},\"tokens_processed\":7200,\"tokens_since_last_sync\":0,\"trainer_state_kind\":\"named_tensors\",\"trainer_type\":\"tiny_adamw\"}"}, "trainer_type": "tiny_adamw", "written_logical_time": 72}
