{"checksum": "73648ac058e0659fdfbebc7dfa19be2c57572857701d98d913041e348b07b912", "last_applied_global_version": 7, "last_global_version_seen": 7, "learner_id": "learner-0", "learner_state_version": 1, "local_step": 30, "parameter_vector": [-0.4373801085862006, -0.7666534926544722, -0.9066915904695544, -0.9136664328201884, 0.8590601853657445, 0.7839138685856409, -0.8972795204091663, 0.9038979843967629], "run_id": "run-93a5bc537229", "schema_version": "v1", "throughput_tokens_per_step": 100, "tokens_processed": 3000, "tokens_since_last_sync": 0, "trainer_payload": {"trainer_state": "{\"checksum\":\"0cdac8e2a514f4d3351af420e5849a06986c10bf220d482fcf0b9f17bee09fb1\",\"codec_version\":\"v1\",\"dtype\":\"float64\",\"flat_state_checksum\":\"3e67be8863039566df22d3b14a248b3bb42ae08fada809e8bc7dd6e3f21a482c\",\"global_version\":7,\"learner_id\":\"learner-0\",\"local_step\":30,\"metadata\":{\"last_loss\":0.2521076263786819,\"learning_rate\":0.05,\"optimizer\":\"adamw\",\"optimizer_state\":{\"m\":[-0.1602202878035202,0.09104500362891349,1.018014167500378,1.15699725445046,-0.4758458988949958,-0.13624364810544945,0.8651048259692855,-0.9689778245355104],\"step\":30,\"v\":[0.0025790033841228345,0.01146559596173853,0.06992907592517512,0.08335072729738789,0.029294970668113988,0.013116943145035512,0.05658552160836065,0.06548778165969141]},\"real_training_mechanics_exercised\":true,\"target_vector\":[-0.30062408152817965,-0.5784641458233248,-1.110566696318685,-1.1854759733023885,0.8114893093068102,0.6082450084382225,-1.027571578781274,1.0840261136541511],\"throughput_tokens_per_step\":100},\"named_state_checksum\":\"e935e68ee2392382a7733613cca1e88daea4eccdfa81651831c70487ec9cd026\",\"parameters\":[-0.4373801085862006,-0.7666534926544722,-0.9066915904695544,-0.9136664328201884,0.8590601853657445,0.7839138685856409,-0.8972795204091663,0.9038979843967629],\"run_id\":\"run-93a5bc537229\",\"shape\":[8],\"tensor_manifest\":{\"checksum\":\"5962ac5e566db3887f89dd8159cbed111e69d0e99400313f2707f067d34afee0\",\"global_version\":7,\"schema_version\":\"v1\",\"tensors\":[{\"checksum\":\"08d07640c897c40b73c81c011b09a9e14cfaf35f0fb6139ce9b7810b122786c6\",\"device\":\"cpu\",\"dtype\":\"float64\",\"length\":8,\"name\":\"weights\",\"offset\":0,\"shape\":[8]}],\"total_elements\":8},\"tokens_processed\":3000,\"tokens_since_last_sync\":0,\"trainer_state_kind\":\"named_tensors\",\"trainer_type\":\"tiny_adamw\"}"}, "trainer_type": "tiny_adamw", "written_logical_time": 30}
