{"checksum": "bb220c18e76b4cfb655247290e5cb3109250c753ca3c0d9f5cad3c9ca1ab343d", "last_applied_global_version": 9, "last_global_version_seen": 9, "learner_id": "learner-1", "learner_state_version": 1, "local_step": 30, "parameter_vector": [-0.45208767173021774, -0.8678343251800782, -1.0501765679666568, -1.0590714231082317, 0.9886307817903772, 0.890374521906597, -1.038116459831794, 1.0466035482123155], "run_id": "run-93a5bc537229", "schema_version": "v1", "throughput_tokens_per_step": 110, "tokens_processed": 3300, "tokens_since_last_sync": 0, "trainer_payload": {"trainer_state": "{\"checksum\":\"4f97452f05b3934b1aa866f90952a049fe102bdfa4196913ca953598287cdab8\",\"codec_version\":\"v1\",\"dtype\":\"float64\",\"flat_state_checksum\":\"2b3e17e09a784295320c0c385191269ea70edf2aeea39846b27f0fe9bf7bc0b5\",\"global_version\":9,\"learner_id\":\"learner-1\",\"local_step\":30,\"metadata\":{\"last_loss\":0.2387892043341783,\"learning_rate\":0.05,\"optimizer\":\"adamw\",\"optimizer_state\":{\"m\":[-0.1440563467495782,-0.18529666195172012,0.5428143699211881,0.6714862601526984,-0.0718377095453942,0.16227201844123973,0.40393175895386146,-0.4979300363778154],\"step\":30,\"v\":[0.0019210534054233497,0.008661597567785272,0.04830126738403825,0.05839754302548822,0.01979618254707959,0.009683104524769367,0.03854219122051829,0.04501901389752336]},\"real_training_mechanics_exercised\":true,\"target_vector\":[-0.30062408152817965,-0.5784641458233248,-1.110566696318685,-1.1854759733023885,0.8114893093068102,0.6082450084382225,-1.027571578781274,1.0840261136541511],\"throughput_tokens_per_step\":110},\"named_state_checksum\":\"b2d042005661332acdc6063c85b0130cf27197ffa34c6f8295f697da8de05203\",\"parameters\":[-0.45208767173021774,-0.8678343251800782,-1.0501765679666568,-1.0590714231082317,0.9886307817903772,0.890374521906597,-1.038116459831794,1.0466035482123155],\"run_id\":\"run-93a5bc537229\",\"shape\":[8],\"tensor_manifest\":{\"checksum\":\"3ae77445ea34d378912ded5c9d41743897eec42f944151c5d11623be08b0f044\",\"global_version\":9,\"schema_version\":\"v1\",\"tensors\":[{\"checksum\":\"d52578e17381a9f4e052cb27a50e82ffc1542de0151413d851dabf9fd8df9016\",\"device\":\"cpu\",\"dtype\":\"float64\",\"length\":8,\"name\":\"weights\",\"offset\":0,\"shape\":[8]}],\"total_elements\":8},\"tokens_processed\":3300,\"tokens_since_last_sync\":0,\"trainer_state_kind\":\"named_tensors\",\"trainer_type\":\"tiny_adamw\"}"}, "trainer_type": "tiny_adamw", "written_logical_time": 30}
