{"checksum": "5b0eb22c54af5b80f04af51d05537f49b60d6dd6e94f552aa614db8ca91aec5b", "last_applied_global_version": 1, "last_global_version_seen": 1, "learner_id": "learner-0", "learner_state_version": 1, "local_step": 30, "parameter_vector": [-0.2457485904675847, -0.6677842391914239, -1.1327539405418532, -1.16188372024436, 0.9454472215854929, 0.7114412997938955, -1.0938802180824232, 1.1211533130679154], "run_id": "lambda-l2-20260628013644", "schema_version": "v1", "throughput_tokens_per_step": 100, "tokens_processed": 3000, "tokens_since_last_sync": 0, "trainer_payload": {"trainer_state": "{\"checksum\":\"8634a34fa81040a6dbba69467b14ca121487baebce4628b8ce572e5a3b9417d5\",\"codec_version\":\"v1\",\"dtype\":\"float64\",\"flat_state_checksum\":\"2c9fa095c4f0a715881bdecd9fbe0004c536454b2a8219155398bee3ae52ccdd\",\"global_version\":1,\"learner_id\":\"learner-0\",\"local_step\":30,\"metadata\":{\"last_loss\":0.046407728202907464,\"learning_rate\":0.05,\"optimizer\":\"adamw\",\"optimizer_state\":{\"m\":[0.001899536670769095,-0.11650697615954081,0.45498681000126157,0.5736463300231385,-0.04814689608999753,0.10758893459616178,0.3294543347507987,-0.4140878446758025],\"step\":30,\"v\":[0.0016412949431702422,0.007772240690836139,0.04448880782116611,0.05374031952211678,0.01843802852651974,0.00879796517813529,0.03557777192774019,0.04148872900554559]},\"real_training_mechanics_exercised\":true,\"target_vector\":[-0.30062408152817965,-0.5784641458233248,-1.110566696318685,-1.1854759733023885,0.8114893093068102,0.6082450084382225,-1.027571578781274,1.0840261136541511],\"throughput_tokens_per_step\":100},\"named_state_checksum\":\"2f6a7cb21e892189aad4e2274833583d33a6aeb50773bc2f3d05ab58c7721c2d\",\"parameters\":[-0.2457485904675847,-0.6677842391914239,-1.1327539405418532,-1.16188372024436,0.9454472215854929,0.7114412997938955,-1.0938802180824232,1.1211533130679154],\"run_id\":\"lambda-l2-20260628013644\",\"shape\":[8],\"tensor_manifest\":{\"checksum\":\"38a6580ab0d0fbabf31d5efc26a1d5e1f5fb09db64d7c8dd65b6bd0ce5542fa4\",\"global_version\":1,\"schema_version\":\"v1\",\"tensors\":[{\"checksum\":\"8cbc6f00741b1c1216f7198083e56ad8ced9e2e58132c2b9b0b59e989a833d7e\",\"device\":\"cpu\",\"dtype\":\"float64\",\"length\":8,\"name\":\"weights\",\"offset\":0,\"shape\":[8]}],\"total_elements\":8},\"tokens_processed\":3000,\"tokens_since_last_sync\":0,\"trainer_state_kind\":\"named_tensors\",\"trainer_type\":\"tiny_adamw\"}"}, "trainer_type": "tiny_adamw", "written_logical_time": 30}
