{"checksum": "5624ee526fde16af357f9c6d2cca66bbcabdfa7e97cd514dd070d2f9683aa771", "last_applied_global_version": 183, "last_global_version_seen": 183, "learner_id": "learner-1", "learner_state_version": 1, "local_step": 200, "parameter_vector": [-0.35251628689210707, -0.5527058127412013, -1.0903368895916048, -1.1303668171910657, 0.8356801979608871, 0.5801788726062106, -1.0370121214512509, 1.074414823722276], "run_id": "lambda-l5-20260628123605", "schema_version": "v1", "throughput_tokens_per_step": 110, "tokens_processed": 22000, "tokens_since_last_sync": 0, "trainer_payload": {"trainer_state": "{\"checksum\":\"8dd9c196f2f862ca3c2d7e1de395ed3a2118bfc6b2cad7e3658eac5c658f3aa1\",\"codec_version\":\"v1\",\"dtype\":\"float64\",\"flat_state_checksum\":\"2b595231bc748c7bef5b359105f3b68c023551fafbc975459c6433f1811af3d5\",\"global_version\":183,\"learner_id\":\"learner-1\",\"local_step\":200,\"metadata\":{\"last_loss\":0.008356964682691918,\"learning_rate\":0.05,\"optimizer\":\"adamw\",\"optimizer_state\":{\"m\":[-0.02512958534097265,0.01580890780679313,0.3341197917373006,0.44187052937431526,-0.026261984733054685,-0.01143857019572668,0.2253500103940965,-0.2979745339988867],\"step\":200,\"v\":[0.013811602479064206,0.0125326552335224,0.23445544548791172,0.2953097829102338,0.0670630768755103,0.01639442102209415,0.1760519037840907,0.2147541144443143]},\"real_training_mechanics_exercised\":true,\"target_vector\":[-0.30062408152817965,-0.5784641458233248,-1.110566696318685,-1.1854759733023885,0.8114893093068102,0.6082450084382225,-1.027571578781274,1.0840261136541511],\"throughput_tokens_per_step\":110},\"named_state_checksum\":\"07cd48020c3771d76655075ad5842c2f337e68aac93e1be9db590e806757e250\",\"parameters\":[-0.35251628689210707,-0.5527058127412013,-1.0903368895916048,-1.1303668171910657,0.8356801979608871,0.5801788726062106,-1.0370121214512509,1.074414823722276],\"run_id\":\"lambda-l5-20260628123605\",\"shape\":[8],\"tensor_manifest\":{\"checksum\":\"4157f4bff6002124bd0b66f45e115bc4f422a4c139d6e5efd94d58645d20fb81\",\"global_version\":183,\"schema_version\":\"v1\",\"tensors\":[{\"checksum\":\"d0bee666c3c0797f01396b8517c12e23c23575760bfe738ecbaa96fe53f3b488\",\"device\":\"cpu\",\"dtype\":\"float64\",\"length\":8,\"name\":\"weights\",\"offset\":0,\"shape\":[8]}],\"total_elements\":8},\"tokens_processed\":22000,\"tokens_since_last_sync\":0,\"trainer_state_kind\":\"named_tensors\",\"trainer_type\":\"tiny_adamw\"}"}, "trainer_type": "tiny_adamw", "written_logical_time": 200}
