{"checksum": "12ddca58461455181272c0efc1b2e03660bcd4dad5cb56954ae34adb4733577c", "last_applied_global_version": 182, "last_global_version_seen": 182, "learner_id": "learner-0", "learner_state_version": 1, "local_step": 200, "parameter_vector": [-0.2404416944021879, -0.6062344439180125, -0.821682566746778, -0.8291528308125913, 0.7633422998617445, 0.639248146868537, -0.8112152525362386, 0.8186236200558397], "run_id": "lambda-l5-20260628123605", "schema_version": "v1", "throughput_tokens_per_step": 100, "tokens_processed": 20000, "tokens_since_last_sync": 0, "trainer_payload": {"trainer_state": "{\"checksum\":\"cc69e09972cfd88c6dd8dc13a44c170916c7394325d396a1ad09c9c4d3a0fb01\",\"codec_version\":\"v1\",\"dtype\":\"float64\",\"flat_state_checksum\":\"f2d095241011d57cf1986eae7f719002ad8d5d1944a4fae7d0533d179f6c39af\",\"global_version\":182,\"learner_id\":\"learner-0\",\"local_step\":200,\"metadata\":{\"last_loss\":0.33534120399425577,\"learning_rate\":0.05,\"optimizer\":\"adamw\",\"optimizer_state\":{\"m\":[0.10824821577056368,-0.049872319297733295,0.5893544526700609,0.7242135564373509,-0.10759770963666979,0.05464037752440931,0.44430841655974285,-0.542396152010152],\"step\":200,\"v\":[0.013936684889829914,0.012268078588875173,0.2431492568945294,0.3064282483386521,0.0686568584770499,0.01621168982949557,0.18230947704106232,0.22263767528825915]},\"real_training_mechanics_exercised\":true,\"target_vector\":[-0.30062408152817965,-0.5784641458233248,-1.110566696318685,-1.1854759733023885,0.8114893093068102,0.6082450084382225,-1.027571578781274,1.0840261136541511],\"throughput_tokens_per_step\":100},\"named_state_checksum\":\"be281d10627a1520f35107ccbc3cc93d089b402baebc08660794be6400305f69\",\"parameters\":[-0.2404416944021879,-0.6062344439180125,-0.821682566746778,-0.8291528308125913,0.7633422998617445,0.639248146868537,-0.8112152525362386,0.8186236200558397],\"run_id\":\"lambda-l5-20260628123605\",\"shape\":[8],\"tensor_manifest\":{\"checksum\":\"1ac4cc4b95f9fb2524d223d99b20e02db568e4a3662a596944bf315b413ed3d2\",\"global_version\":182,\"schema_version\":\"v1\",\"tensors\":[{\"checksum\":\"b8f5b0a9547293d17a34e37cb07a3ae99018400c976bc9d2dce293992b598ead\",\"device\":\"cpu\",\"dtype\":\"float64\",\"length\":8,\"name\":\"weights\",\"offset\":0,\"shape\":[8]}],\"total_elements\":8},\"tokens_processed\":20000,\"tokens_since_last_sync\":0,\"trainer_state_kind\":\"named_tensors\",\"trainer_type\":\"tiny_adamw\"}"}, "trainer_type": "tiny_adamw", "written_logical_time": 200}
