{"checksum": "9ddcc9e26547d520b63b2047d9ad2a36d34421811703d7cbc4dc4e5a2d42c8e2", "last_applied_global_version": 188, "last_global_version_seen": 188, "learner_id": "learner-0", "learner_state_version": 1, "local_step": 200, "parameter_vector": [-0.283287276516434, -0.5757263568918107, -1.0212116688996504, -1.054740012587397, 0.8133072223238502, 0.6043097557307475, -0.976844890989821, 1.0079257789896467], "run_id": "lambda-l4-20260628103249", "schema_version": "v1", "throughput_tokens_per_step": 100, "tokens_processed": 20000, "tokens_since_last_sync": 0, "trainer_payload": {"trainer_state": "{\"checksum\":\"09abd2b6b20d0822397ec65e4e933727daae59864f7562098aab0c3a14755280\",\"codec_version\":\"v1\",\"dtype\":\"float64\",\"flat_state_checksum\":\"34e203b5a3adc2068493b1ac41a06bb16f3ba25f9ca25eff296472bf0a4f1737\",\"global_version\":188,\"learner_id\":\"learner-0\",\"local_step\":200,\"metadata\":{\"last_loss\":0.033767521457327414,\"learning_rate\":0.05,\"optimizer\":\"adamw\",\"optimizer_state\":{\"m\":[-0.01995947321597063,0.003954254270907011,0.37299653547355816,0.48206238811518914,-0.049138726029872314,-0.0013780568754985718,0.2620677960690655,-0.33625865016138906],\"step\":200,\"v\":[0.007168984393262425,0.013756760131181687,0.21220127765472577,0.26791164558446195,0.06216030487317403,0.01735696746046295,0.15922259042262357,0.19426994550629073]},\"real_training_mechanics_exercised\":true,\"target_vector\":[-0.30062408152817965,-0.5784641458233248,-1.110566696318685,-1.1854759733023885,0.8114893093068102,0.6082450084382225,-1.027571578781274,1.0840261136541511],\"throughput_tokens_per_step\":100},\"named_state_checksum\":\"e896c65f3528915734ad82af4c92f4e5de960d1c3e04a5c35446dd62cedb0381\",\"parameters\":[-0.283287276516434,-0.5757263568918107,-1.0212116688996504,-1.054740012587397,0.8133072223238502,0.6043097557307475,-0.976844890989821,1.0079257789896467],\"run_id\":\"lambda-l4-20260628103249\",\"shape\":[8],\"tensor_manifest\":{\"checksum\":\"879772711d1ee2da18af32ffa1aa4fea440c70a54e3f69ea8515b9d7e63c59fe\",\"global_version\":188,\"schema_version\":\"v1\",\"tensors\":[{\"checksum\":\"8b7f16a684437cf741334115437abffde938ee38ff440ae9e25d9257a358e28f\",\"device\":\"cpu\",\"dtype\":\"float64\",\"length\":8,\"name\":\"weights\",\"offset\":0,\"shape\":[8]}],\"total_elements\":8},\"tokens_processed\":20000,\"tokens_since_last_sync\":0,\"trainer_state_kind\":\"named_tensors\",\"trainer_type\":\"tiny_adamw\"}"}, "trainer_type": "tiny_adamw", "written_logical_time": 200}
