{"checksum": "2f779b5dfa416109a616595950e34168f6c72e7320185b89c34d17a344f2ca54", "last_applied_global_version": 1, "last_global_version_seen": 1, "learner_id": "learner-0", "learner_state_version": 1, "local_step": 30, "parameter_vector": [-0.1926531615366452, -0.23189604550705467, -0.3419852974307326, -0.3483444583485848, 0.29823064586916237, 0.24179555164143418, -0.33327348339727136, 0.3394112614843478], "run_id": "lambda-l3-20260628094054", "schema_version": "v1", "throughput_tokens_per_step": 100, "tokens_processed": 3000, "tokens_since_last_sync": 0, "trainer_payload": {"trainer_state": "{\"checksum\":\"9f0f2799511a6c03fcc9f389bfbcb5f0a4575345197b57649f2e08f68f086502\",\"codec_version\":\"v1\",\"dtype\":\"float64\",\"flat_state_checksum\":\"e8310d45e1729cbbb361711301d3f3e21917e20fe186fe930cc8eeeacd1eff40\",\"global_version\":1,\"learner_id\":\"learner-0\",\"local_step\":30,\"metadata\":{\"last_loss\":2.857494491072232,\"learning_rate\":0.05,\"optimizer\":\"adamw\",\"optimizer_state\":{\"m\":[0.18662985932344775,0.47253299403755733,1.3234745298073853,1.4581819901088775,-0.8113680662827581,-0.5110628346070173,1.1764689961524202,-1.2761772775666747],\"step\":30,\"v\":[0.0025599497552722104,0.012504407427611731,0.06471355040926871,0.07696561028193503,0.028336239338494176,0.014029883383210465,0.052633579446435166,0.060680587786296626]},\"real_training_mechanics_exercised\":true,\"target_vector\":[-0.30062408152817965,-0.5784641458233248,-1.110566696318685,-1.1854759733023885,0.8114893093068102,0.6082450084382225,-1.027571578781274,1.0840261136541511],\"throughput_tokens_per_step\":100},\"named_state_checksum\":\"63a9a9d388ffb8f7a611f22e2ed62eaf83098d8ff679fb301bc245dcc7477fd7\",\"parameters\":[-0.1926531615366452,-0.23189604550705467,-0.3419852974307326,-0.3483444583485848,0.29823064586916237,0.24179555164143418,-0.33327348339727136,0.3394112614843478],\"run_id\":\"lambda-l3-20260628094054\",\"shape\":[8],\"tensor_manifest\":{\"checksum\":\"8892e936774504a5e6529ab538dd0fab0fd108084df0ee68970d86bdc0b0f243\",\"global_version\":1,\"schema_version\":\"v1\",\"tensors\":[{\"checksum\":\"feec52b7c54fd9c53366d1b739148e9195e8b3128f8ed663c77603a3919b70ce\",\"device\":\"cpu\",\"dtype\":\"float64\",\"length\":8,\"name\":\"weights\",\"offset\":0,\"shape\":[8]}],\"total_elements\":8},\"tokens_processed\":3000,\"tokens_since_last_sync\":0,\"trainer_state_kind\":\"named_tensors\",\"trainer_type\":\"tiny_adamw\"}"}, "trainer_type": "tiny_adamw", "written_logical_time": 30}
