{"checksum": "508d7ec1905db51384267e3f8a82670427788b3c57c6f04138ae5b3ff9b0be34", "last_applied_global_version": 25, "last_global_version_seen": 25, "learner_id": "learner-1", "learner_state_version": 1, "local_step": 200, "parameter_vector": [-0.3093154915557573, -0.5762082689621815, -1.0853019674681654, -1.1729909096112605, 0.8281527596016158, 0.6124576569458785, -0.9962655725704597, 1.0556022184320168], "run_id": "run-6ed12141800e", "schema_version": "v1", "throughput_tokens_per_step": 110, "tokens_processed": 22000, "tokens_since_last_sync": 0, "trainer_payload": {"trainer_state": "{\"checksum\":\"378ede6046fea66643f91ef742fa2e68a7095541e79fb61f85f6f1d4c2ed0e47\",\"codec_version\":\"v1\",\"dtype\":\"float64\",\"flat_state_checksum\":\"dae3d379266cf88aa20fc2cdb57daacf8698432f9c1cfa39db8879a63f17c8dd\",\"global_version\":25,\"learner_id\":\"learner-1\",\"local_step\":200,\"metadata\":{\"last_loss\":0.002958213755588854,\"learning_rate\":0.05,\"optimizer\":\"adamw\",\"optimizer_state\":{\"m\":[0.0050967481486039155,4.6003480246712e-05,-0.04044664888235192,-0.06565590667775588,-0.02741002757907864,0.008036859306288321,-0.006174476475747941,0.029791190108315428],\"step\":200,\"v\":[0.002518891874237315,0.00782912335141096,0.06093050221740801,0.07282335246344461,0.02393169359688,0.008935356597492373,0.04892452642275313,0.05695527115334401]},\"real_training_mechanics_exercised\":true,\"target_vector\":[-0.30062408152817965,-0.5784641458233248,-1.110566696318685,-1.1854759733023885,0.8114893093068102,0.6082450084382225,-1.027571578781274,1.0840261136541511],\"throughput_tokens_per_step\":110},\"named_state_checksum\":\"e831ff368879296bfddb4c3802b25070c3e15602bd4db508fba6a73b70186d7c\",\"parameters\":[-0.3093154915557573,-0.5762082689621815,-1.0853019674681654,-1.1729909096112605,0.8281527596016158,0.6124576569458785,-0.9962655725704597,1.0556022184320168],\"run_id\":\"run-6ed12141800e\",\"shape\":[8],\"tensor_manifest\":{\"checksum\":\"2b48e91605cae17ebc139bcd7c9da286ce90479808e379cf8d0a356581fe6cc1\",\"global_version\":25,\"schema_version\":\"v1\",\"tensors\":[{\"checksum\":\"771468873ec6f9b94137a484e8511e71801b46cd9490d4f3b948ef8c026367b6\",\"device\":\"cpu\",\"dtype\":\"float64\",\"length\":8,\"name\":\"weights\",\"offset\":0,\"shape\":[8]}],\"total_elements\":8},\"tokens_processed\":22000,\"tokens_since_last_sync\":0,\"trainer_state_kind\":\"named_tensors\",\"trainer_type\":\"tiny_adamw\"}"}, "trainer_type": "tiny_adamw", "written_logical_time": 200}
