{"checksum": "4df07ea1eb62af7c5a0db37d95f64cc0ca581108f3737ed2a3923adc681a2ebf", "last_applied_global_version": 26, "last_global_version_seen": 26, "learner_id": "learner-3", "learner_state_version": 1, "local_step": 200, "parameter_vector": [-0.29007675187209425, -0.5791581859140585, -1.1062868493247335, -1.2057582724002756, 0.8016885640165788, 0.6232217375807394, -0.9992891509264988, 1.0712886037745404], "run_id": "run-6ed12141800e", "schema_version": "v1", "throughput_tokens_per_step": 130, "tokens_processed": 26000, "tokens_since_last_sync": 1300, "trainer_payload": {"trainer_state": "{\"checksum\":\"9327396e0ca504bfd42361fbe4ff7dce8fe61e714a4f74963a0c21718f0f0c99\",\"codec_version\":\"v1\",\"dtype\":\"float64\",\"flat_state_checksum\":\"97af4fdc981e9b21572368a51a6d12e202a49e5a045785cd9980ac262f330433\",\"global_version\":26,\"learner_id\":\"learner-3\",\"local_step\":200,\"metadata\":{\"last_loss\":0.0018239135088555219,\"learning_rate\":0.05,\"optimizer\":\"adamw\",\"optimizer_state\":{\"m\":[0.006611822611256073,2.0321252428629497e-05,-0.03984116441747075,-0.06502813407752123,-0.027964016262681978,0.008775048818412776,-0.0058695532021074,0.029260221701700867],\"step\":200,\"v\":[0.0024692683033848517,0.007658300665243613,0.06056094574443064,0.07206122240203819,0.024741948118446228,0.008906999927157757,0.048980152580388986,0.05672162997878621]},\"real_training_mechanics_exercised\":true,\"target_vector\":[-0.30062408152817965,-0.5784641458233248,-1.110566696318685,-1.1854759733023885,0.8114893093068102,0.6082450084382225,-1.027571578781274,1.0840261136541511],\"throughput_tokens_per_step\":130},\"named_state_checksum\":\"ad62968afbb8ee2027c27e03f90ba56190eecf1d61c6050e83b17fbafbe9457c\",\"parameters\":[-0.29007675187209425,-0.5791581859140585,-1.1062868493247335,-1.2057582724002756,0.8016885640165788,0.6232217375807394,-0.9992891509264988,1.0712886037745404],\"run_id\":\"run-6ed12141800e\",\"shape\":[8],\"tensor_manifest\":{\"checksum\":\"c2fd9d4c61cb068043d146caf3b99da58235c05f5bf87a8946a76c3f7bbc7c67\",\"global_version\":26,\"schema_version\":\"v1\",\"tensors\":[{\"checksum\":\"40d03e825f00995bf6c9312800c39bad1745f47fa10d8a191bacd95e50ab804b\",\"device\":\"cpu\",\"dtype\":\"float64\",\"length\":8,\"name\":\"weights\",\"offset\":0,\"shape\":[8]}],\"total_elements\":8},\"tokens_processed\":26000,\"tokens_since_last_sync\":1300,\"trainer_state_kind\":\"named_tensors\",\"trainer_type\":\"tiny_adamw\"}"}, "trainer_type": "tiny_adamw", "written_logical_time": 200}
