{"checksum": "2b5544ac7e9edf6674b1b095a04bcee39b828512832c5bd4067f2c7d9c15d1da", "last_applied_global_version": 25, "last_global_version_seen": 25, "learner_id": "learner-0", "learner_state_version": 1, "local_step": 200, "parameter_vector": [-0.28282161587458454, -0.580988248649311, -1.1471592881572876, -1.2441790271786801, 0.7753617068611132, 0.6185197355377244, -1.0330709202222703, 1.111136765497319], "run_id": "run-6ed12141800e", "schema_version": "v1", "throughput_tokens_per_step": 100, "tokens_processed": 20000, "tokens_since_last_sync": 1000, "trainer_payload": {"trainer_state": "{\"checksum\":\"a8de31801918df9f5e7ffa5e733d030cb8e54b7933906ba31aaad2596270d0c3\",\"codec_version\":\"v1\",\"dtype\":\"float64\",\"flat_state_checksum\":\"b2f55a765b37db4ea52e7d9d6b2b8da86b3221695112cf6174914aabdd4cf4a9\",\"global_version\":25,\"learner_id\":\"learner-0\",\"local_step\":200,\"metadata\":{\"last_loss\":0.007284369065382632,\"learning_rate\":0.05,\"optimizer\":\"adamw\",\"optimizer_state\":{\"m\":[0.0028775578002806904,-0.0003531549414185082,-0.06641474868682853,-0.08723460293928134,-0.04017799070022304,0.0034913008524583913,-0.030715685002167724,0.05613459532150969],\"step\":200,\"v\":[0.0024494135697546147,0.007712060124558356,0.06148164066851612,0.0730154629961518,0.02496434212793912,0.008945944862851595,0.04972147725446113,0.057598613869898986]},\"real_training_mechanics_exercised\":true,\"target_vector\":[-0.30062408152817965,-0.5784641458233248,-1.110566696318685,-1.1854759733023885,0.8114893093068102,0.6082450084382225,-1.027571578781274,1.0840261136541511],\"throughput_tokens_per_step\":100},\"named_state_checksum\":\"97417831137147502bec72118fc55e38b8235ad4b82b6c58fb144a3f970dc6be\",\"parameters\":[-0.28282161587458454,-0.580988248649311,-1.1471592881572876,-1.2441790271786801,0.7753617068611132,0.6185197355377244,-1.0330709202222703,1.111136765497319],\"run_id\":\"run-6ed12141800e\",\"shape\":[8],\"tensor_manifest\":{\"checksum\":\"df76789d2bd851aa3cc41f8ab0ff4fed515bbe82b0bd21d4256ce62d9b7588b1\",\"global_version\":25,\"schema_version\":\"v1\",\"tensors\":[{\"checksum\":\"71e0234372c7ca40a7a7c16aeb2853f720da8464e7f5eb59ac533c1babad028e\",\"device\":\"cpu\",\"dtype\":\"float64\",\"length\":8,\"name\":\"weights\",\"offset\":0,\"shape\":[8]}],\"total_elements\":8},\"tokens_processed\":20000,\"tokens_since_last_sync\":1000,\"trainer_state_kind\":\"named_tensors\",\"trainer_type\":\"tiny_adamw\"}"}, "trainer_type": "tiny_adamw", "written_logical_time": 200}
