{"checksum": "df2329068b1abfc36d4eedfab45f236a267dfa6aabd04e3cae68cf06988abfd5", "last_applied_global_version": 1, "last_global_version_seen": 1, "learner_id": "learner-1", "learner_state_version": 1, "local_step": 200, "parameter_vector": [-0.30049417400156514, -0.577903256948896, -1.107979762045844, -1.182402077771446, 0.8102615869962402, 0.6076168261977538, -1.0254270842246325, 1.0815942279182822], "run_id": "lambda-l4-20260628095426", "schema_version": "v1", "throughput_tokens_per_step": 110, "tokens_processed": 22000, "tokens_since_last_sync": 0, "trainer_payload": {"trainer_state": "{\"checksum\":\"c5e116be0a6c1486b4c99c645fc889882e0a96cbada206eac6b3d04c81a1c1e5\",\"codec_version\":\"v1\",\"dtype\":\"float64\",\"flat_state_checksum\":\"7a895edde2eccfc3e0545d79dff78c8cb5a124534492f0a10ab9cf7fab0d4eb0\",\"global_version\":1,\"learner_id\":\"learner-1\",\"local_step\":200,\"metadata\":{\"last_loss\":2.888737509697761e-05,\"learning_rate\":0.05,\"optimizer\":\"adamw\",\"optimizer_state\":{\"m\":[0.0002878002811396895,0.0011721044274515522,0.005404646362332123,0.006352682152481132,-0.002580598220503986,-0.001333201334238678,0.004429255815900103,-0.005078595376447385],\"step\":200,\"v\":[0.0016392565905822267,0.0075298953153434415,0.04165399788663548,0.04992983652699202,0.017858922358291795,0.008529482117803558,0.033646200405442854,0.03896466593980777]},\"real_training_mechanics_exercised\":true,\"target_vector\":[-0.30062408152817965,-0.5784641458233248,-1.110566696318685,-1.1854759733023885,0.8114893093068102,0.6082450084382225,-1.027571578781274,1.0840261136541511],\"throughput_tokens_per_step\":110},\"named_state_checksum\":\"39ae7466969820c6b17ff9f93e329a5d7108614c7177b3e0f783c146ef9a19c2\",\"parameters\":[-0.30049417400156514,-0.577903256948896,-1.107979762045844,-1.182402077771446,0.8102615869962402,0.6076168261977538,-1.0254270842246325,1.0815942279182822],\"run_id\":\"lambda-l4-20260628095426\",\"shape\":[8],\"tensor_manifest\":{\"checksum\":\"cdd26d1008fe08879c88347e3cbe3b14096296aba1eca6c3aca2e9d30d8eca88\",\"global_version\":1,\"schema_version\":\"v1\",\"tensors\":[{\"checksum\":\"a3fa45b48735df064cf5fe256c0a9fd3c21a713c83cab0a7c2c047cbfa0c138e\",\"device\":\"cpu\",\"dtype\":\"float64\",\"length\":8,\"name\":\"weights\",\"offset\":0,\"shape\":[8]}],\"total_elements\":8},\"tokens_processed\":22000,\"tokens_since_last_sync\":0,\"trainer_state_kind\":\"named_tensors\",\"trainer_type\":\"tiny_adamw\"}"}, "trainer_type": "tiny_adamw", "written_logical_time": 200}
