{"checksum": "c286233bd273a647a43ef0ba1e7ab6f0eba23ccd97229912eab9b510c875452a", "last_applied_global_version": 1, "last_global_version_seen": 1, "learner_id": "learner-0", "learner_state_version": 1, "local_step": 200, "parameter_vector": [-0.3004334943232778, -0.5777803538230368, -1.1072532603555008, -1.1816810503430049, 0.8099831269581925, 0.6074731426144624, -1.0247366273230114, 1.0808644638291187], "run_id": "lambda-l4-20260628102129", "schema_version": "v1", "throughput_tokens_per_step": 100, "tokens_processed": 20000, "tokens_since_last_sync": 0, "trainer_payload": {"trainer_state": "{\"checksum\":\"c35a6da867b27ae948218d2c924c459e09396128a15b229d2357c98b63a4de92\",\"codec_version\":\"v1\",\"dtype\":\"float64\",\"flat_state_checksum\":\"a910087580d6d8ea74f3c89f3345ce5af8b6accaf207f9c254828ffb07d6ffbc\",\"global_version\":1,\"learner_id\":\"learner-0\",\"local_step\":200,\"metadata\":{\"last_loss\":4.678153463611994e-05,\"learning_rate\":0.05,\"optimizer\":\"adamw\",\"optimizer_state\":{\"m\":[0.00035059138573258826,0.0014826421450688733,0.00667526454779621,0.00787142866120608,-0.003156080224461154,-0.0017046092334564392,0.005654565818462131,-0.006319924289279271],\"step\":200,\"v\":[0.002697193479105211,0.01218412543659518,0.06682850047879059,0.08038550865959897,0.028152078702442046,0.013682555361264856,0.053717659506894964,0.062422676680781546]},\"real_training_mechanics_exercised\":true,\"target_vector\":[-0.30062408152817965,-0.5784641458233248,-1.110566696318685,-1.1854759733023885,0.8114893093068102,0.6082450084382225,-1.027571578781274,1.0840261136541511],\"throughput_tokens_per_step\":100},\"named_state_checksum\":\"0f792107efe5a6acb71fc2979474053088f250e106cf3396d126cf4d4a482269\",\"parameters\":[-0.3004334943232778,-0.5777803538230368,-1.1072532603555008,-1.1816810503430049,0.8099831269581925,0.6074731426144624,-1.0247366273230114,1.0808644638291187],\"run_id\":\"lambda-l4-20260628102129\",\"shape\":[8],\"tensor_manifest\":{\"checksum\":\"84a7ae572cfd0d370d297a29092851a4649f2563e0274846ff29de96b067ebdb\",\"global_version\":1,\"schema_version\":\"v1\",\"tensors\":[{\"checksum\":\"683adce1a510eba94da6883276cfa190aeb3f22911f42c17c10011e062decc17\",\"device\":\"cpu\",\"dtype\":\"float64\",\"length\":8,\"name\":\"weights\",\"offset\":0,\"shape\":[8]}],\"total_elements\":8},\"tokens_processed\":20000,\"tokens_since_last_sync\":0,\"trainer_state_kind\":\"named_tensors\",\"trainer_type\":\"tiny_adamw\"}"}, "trainer_type": "tiny_adamw", "written_logical_time": 200}
