{"checksum": "b7df11366b9232dc72a893469530746d7cd2dd0664d5bbf45ad84cd36ee13ecb", "last_applied_global_version": 174, "last_global_version_seen": 174, "learner_id": "learner-0", "learner_state_version": 1, "local_step": 200, "parameter_vector": [-0.3009975568415135, -0.5817898229514378, -1.167997440681628, -1.2347055438054138, 0.8299349306455511, 0.6085722675506611, -1.0848300828927537, 1.1424753891049895], "run_id": "lambda-l5-clean-20260628171317", "schema_version": "v1", "throughput_tokens_per_step": 100, "tokens_processed": 20000, "tokens_since_last_sync": 0, "trainer_payload": {"trainer_state": "{\"checksum\":\"e473b33967aa838ba391917c76acd3a327e17d195b2ed1b137998e3a088d95e6\",\"codec_version\":\"v1\",\"dtype\":\"float64\",\"flat_state_checksum\":\"fb09efe057c5c34bccfc75a92e19287235e09b7d6654e2b927e3a3b85848ab0b\",\"global_version\":174,\"learner_id\":\"learner-0\",\"local_step\":200,\"metadata\":{\"last_loss\":0.012768242761075356,\"learning_rate\":0.05,\"optimizer\":\"adamw\",\"optimizer_state\":{\"m\":[-0.0043199316437385485,0.011317014345025083,0.072377644597027,0.1327290557295952,0.01819225324578088,-0.012502868856453247,0.02165991319942878,-0.05419537310385944],\"step\":200,\"v\":[0.0022537274124329217,0.01369604681684725,0.1918250030392192,0.24210870159341927,0.05731019428812183,0.017050044869990878,0.1441859897609327,0.175681502832386]},\"real_training_mechanics_exercised\":true,\"target_vector\":[-0.30062408152817965,-0.5784641458233248,-1.110566696318685,-1.1854759733023885,0.8114893093068102,0.6082450084382225,-1.027571578781274,1.0840261136541511],\"throughput_tokens_per_step\":100},\"named_state_checksum\":\"bf7fd11007e450001716fb624a41a604a7eb3a69f86b2ca6959ef02aebb519aa\",\"parameters\":[-0.3009975568415135,-0.5817898229514378,-1.167997440681628,-1.2347055438054138,0.8299349306455511,0.6085722675506611,-1.0848300828927537,1.1424753891049895],\"run_id\":\"lambda-l5-clean-20260628171317\",\"shape\":[8],\"tensor_manifest\":{\"checksum\":\"17a8ae4d17f00bc13e31af70c6c4c83c62b6a3380b4a3b344db051a9fe83652d\",\"global_version\":174,\"schema_version\":\"v1\",\"tensors\":[{\"checksum\":\"3c4c9fc7eecedca81717c91c96725c44a75c7fa90aec70012004294e86403f3f\",\"device\":\"cpu\",\"dtype\":\"float64\",\"length\":8,\"name\":\"weights\",\"offset\":0,\"shape\":[8]}],\"total_elements\":8},\"tokens_processed\":20000,\"tokens_since_last_sync\":0,\"trainer_state_kind\":\"named_tensors\",\"trainer_type\":\"tiny_adamw\"}"}, "trainer_type": "tiny_adamw", "written_logical_time": 200}
