{"checksum": "6142da7d089b0b99a97ddc2c8d550eeece40b63668c47c3378e2f6bf804dec7f", "last_applied_global_version": 194, "last_global_version_seen": 194, "learner_id": "learner-0", "learner_state_version": 1, "local_step": 200, "parameter_vector": [-0.3004076403405818, -0.5739944762917762, -0.8084294708975106, -0.8206036686414885, 0.7242576723097219, 0.5994107396249858, -0.7918920418903904, 0.8035329054620971], "run_id": "lambda-l5-20260628124639", "schema_version": "v1", "throughput_tokens_per_step": 100, "tokens_processed": 20000, "tokens_since_last_sync": 0, "trainer_payload": {"trainer_state": "{\"checksum\":\"4e21f0a8eb67c915d541e285452a696e52006f91c11d81b599417308726043f0\",\"codec_version\":\"v1\",\"dtype\":\"float64\",\"flat_state_checksum\":\"82913ea8017e9cf76908ef767a8e88d8dd3215b8a9b22b8d2bc5073d89ed97cb\",\"global_version\":194,\"learner_id\":\"learner-0\",\"local_step\":200,\"metadata\":{\"last_loss\":0.3663474132358998,\"learning_rate\":0.05,\"optimizer\":\"adamw\",\"optimizer_state\":{\"m\":[0.0008337140927089284,0.013346484145635095,0.6686806355030874,0.7980601812013444,-0.21234414523560513,-0.02571732009564839,0.5304394301476145,-0.6238161980130875],\"step\":200,\"v\":[0.0016158061941625845,0.01444710857577362,0.20668197129528937,0.26182883711534677,0.05979562863679466,0.017754940858170802,0.15441731983339016,0.18896778270319467]},\"real_training_mechanics_exercised\":true,\"target_vector\":[-0.30062408152817965,-0.5784641458233248,-1.110566696318685,-1.1854759733023885,0.8114893093068102,0.6082450084382225,-1.027571578781274,1.0840261136541511],\"throughput_tokens_per_step\":100},\"named_state_checksum\":\"21fdc7364fb2a0582d47f3ad378187f3034aa0158a0c91304ea515b5841fd466\",\"parameters\":[-0.3004076403405818,-0.5739944762917762,-0.8084294708975106,-0.8206036686414885,0.7242576723097219,0.5994107396249858,-0.7918920418903904,0.8035329054620971],\"run_id\":\"lambda-l5-20260628124639\",\"shape\":[8],\"tensor_manifest\":{\"checksum\":\"6eda59f72593239eb1d1c10e7f7d7d1c04f2c8f6ede0353c7cf49963de0fe9ed\",\"global_version\":194,\"schema_version\":\"v1\",\"tensors\":[{\"checksum\":\"68124987e3c3100100d58db36498927e105515438b95dab37171b738e1ac4aaf\",\"device\":\"cpu\",\"dtype\":\"float64\",\"length\":8,\"name\":\"weights\",\"offset\":0,\"shape\":[8]}],\"total_elements\":8},\"tokens_processed\":20000,\"tokens_since_last_sync\":0,\"trainer_state_kind\":\"named_tensors\",\"trainer_type\":\"tiny_adamw\"}"}, "trainer_type": "tiny_adamw", "written_logical_time": 200}
