{"checksum": "c8d6acc4ba954e52f08b86f60b35821f9d5a88bce4d7754ccbf64bc727398b32", "last_applied_global_version": 173, "last_global_version_seen": 173, "learner_id": "learner-1", "learner_state_version": 1, "local_step": 200, "parameter_vector": [-0.308469571307114, -0.5950856749079433, -0.8436528803979348, -0.8558190987513288, 0.7586033614079504, 0.6241982752768075, -0.8271009239080425, 0.8387558758741361], "run_id": "lambda-l5-clean-20260628171317", "schema_version": "v1", "throughput_tokens_per_step": 110, "tokens_processed": 22000, "tokens_since_last_sync": 0, "trainer_payload": {"trainer_state": "{\"checksum\":\"2aeccb144fe7ecd9de3ffa85e2f35b42913fc68c584ab6ceba6b324b24858fd7\",\"codec_version\":\"v1\",\"dtype\":\"float64\",\"flat_state_checksum\":\"d7de098a3ecf786b29ed4f4e944c161100effcc92f957f1b551a7f8dc4aac432\",\"global_version\":173,\"learner_id\":\"learner-1\",\"local_step\":200,\"metadata\":{\"last_loss\":0.2836518702210829,\"learning_rate\":0.05,\"optimizer\":\"adamw\",\"optimizer_state\":{\"m\":[-0.013620291282299442,-0.033490351461733354,0.5382152760574419,0.6639993378282028,-0.10819059490490956,0.031836940328175745,0.40492852614773917,-0.494809011718389],\"step\":200,\"v\":[0.002646431400513475,0.016855423159601417,0.22175826685613764,0.27867259665892335,0.06772140805256718,0.02080601312303333,0.16752785012624177,0.20341647796555223]},\"real_training_mechanics_exercised\":true,\"target_vector\":[-0.30062408152817965,-0.5784641458233248,-1.110566696318685,-1.1854759733023885,0.8114893093068102,0.6082450084382225,-1.027571578781274,1.0840261136541511],\"throughput_tokens_per_step\":110},\"named_state_checksum\":\"e9e73b7efe1bfe525d43f0bd05b59c855856ec6fba0e57e2bc96d218f8f966e8\",\"parameters\":[-0.308469571307114,-0.5950856749079433,-0.8436528803979348,-0.8558190987513288,0.7586033614079504,0.6241982752768075,-0.8271009239080425,0.8387558758741361],\"run_id\":\"lambda-l5-clean-20260628171317\",\"shape\":[8],\"tensor_manifest\":{\"checksum\":\"5cda0d3769edb6a4c4a105d1c2094f93e7b28dd085ab11fa58b0ffe29600bd46\",\"global_version\":173,\"schema_version\":\"v1\",\"tensors\":[{\"checksum\":\"1c4e352bc129bbbab7b5d10fa02613d23be3d72fbf1cdcdfc5ea96959507297e\",\"device\":\"cpu\",\"dtype\":\"float64\",\"length\":8,\"name\":\"weights\",\"offset\":0,\"shape\":[8]}],\"total_elements\":8},\"tokens_processed\":22000,\"tokens_since_last_sync\":0,\"trainer_state_kind\":\"named_tensors\",\"trainer_type\":\"tiny_adamw\"}"}, "trainer_type": "tiny_adamw", "written_logical_time": 200}
